a,v0,dureeFeu,ecarts,ecartsA,ecartsV,ecartsF,grad,diffA,diffV,diffF
1.5,25.0,42.650320360059695
1.5,25.1,45.119116251356644
1.5,25.2,47.675582811029784
1.5,25.3,50.18168614973435
1.5,25.4,52.375495389549016
